<?xml version="1.0" encoding="UTF-8"?>
<metadata xml:lang="en">
	<Esri>
		<CreaDate>20250119</CreaDate>
		<CreaTime>02581600</CreaTime>
		<ArcGISFormat>1.0</ArcGISFormat>
		<ModDate>20240717</ModDate>
		<ModTime>16343800</ModTime>
		<ArcGISstyle>North American Profile of ISO19115 2003</ArcGISstyle>
		<SyncOnce>TRUE</SyncOnce></Esri>
	<dataIdInfo>
		<idCitation>
			<resTitle>USA Counties - Generalized</resTitle>
		</idCitation>
		<idPurp>This layer provides 2020 U.S. Census codes and population information, and generalized county (or county equivalent) boundaries for the United States in the 50 states and the District of Columbia. U.S. Counties Generalized are polygons containing population totals from the 2020 Census.</idPurp><idAbs>&lt;span style="font-family:&amp;quot;Avenir Next W01&amp;quot;, &amp;quot;Avenir Next W00&amp;quot;, &amp;quot;Avenir Next&amp;quot;, Avenir, &amp;quot;Helvetica Neue&amp;quot;, sans-serif; font-size:16px;"&gt;This layer provides generalized county (or county equivalent) boundaries for the United States in the 50 states and the District of Columbia, &lt;/span&gt;&lt;span style="font-family:&amp;quot;Avenir Next W01&amp;quot;, &amp;quot;Avenir Next W00&amp;quot;, &amp;quot;Avenir Next&amp;quot;, Avenir, &amp;quot;Helvetica Neue&amp;quot;, sans-serif; font-size:16px;"&gt;developed by Esri from U.S. Census Bureau sources and updated as boundaries change.&lt;/span&gt;&lt;div style="font-family:&amp;quot;Avenir Next W01&amp;quot;, &amp;quot;Avenir Next W00&amp;quot;, &amp;quot;Avenir Next&amp;quot;, Avenir, &amp;quot;Helvetica Neue&amp;quot;, sans-serif; font-size:16px;"&gt;&lt;br /&gt;&lt;/div&gt;&lt;div style="font-family:&amp;quot;Avenir Next W01&amp;quot;, &amp;quot;Avenir Next W00&amp;quot;, &amp;quot;Avenir Next&amp;quot;, Avenir, &amp;quot;Helvetica Neue&amp;quot;, sans-serif; font-size:16px;"&gt;&lt;div style="font-family:inherit;"&gt;&lt;span style="font-family:inherit;"&gt;Attribute fields include 2020 total population from the &lt;a href="https://www.census.gov/data/datasets/2020/dec/2020-census-redistricting-summary-file-dataset.html" style="color:rgb(0, 97, 155); text-decoration-line:none; font-family:inherit;" target="_blank"&gt;U.S. Census Public Law 94 data&lt;/a&gt;. The geometry was originally extracted from ArcUSA 1:25M and slightly generalized for optimum performance. Geometry updates are made when major boundary changes occur such as a county splitting or merging with an adjacent unit.&lt;br /&gt;&lt;/span&gt;&lt;/div&gt;&lt;span style="font-family:inherit;"&gt;&lt;br /&gt;&lt;/span&gt;This ready-to-use layer can be used in ArcGIS Pro and in ArcGIS Online and its configurable apps, dashboards, StoryMaps, custom apps, and mobile apps. The data can also be exported for offline workflows. Cite the 'U.S. Census Bureau' when using this data.&lt;/div&gt;</idAbs><idCredit>Sources: Esri; U.S. Department of Commerce, Census Bureau; U.S. Department of Commerce (DOC), National Oceanic and Atmospheric Administration (NOAA), National Ocean Service (NOS), National Geodetic Survey (NGS)</idCredit></dataIdInfo>
	<mdDateSt Sync="TRUE">20240717</mdDateSt>
</metadata>
